type,efficacy_score,population_coverage,manufacturability,overall_score,length,num_epitopes,gc_content
mRNA,0.8561843373493975,0.6961532436958731,0.8735602409638554,0.8116501899762317,415,,0.4650602409638554
subunit,0.6749236315339874,0.7484467691669787,0.33333333333333337,0.628662513183754,100,7.0,
